S.no,ID,Workers,Department,Working days,Incentive,Special Incentive
1,330001,Arun,SPINNING,25,,
2,330002,Devi,PACKING,24,,
3,330003,Krishna,AUTO CONE,25,,
4,330004,Jayanthi,SPINNING,22,,
5,330005,Vijay,AUTO CONE,22,,
6,330006,Saravanan,AUTO CONE,20,,
7,330007,Rohini,SPINNING,24,,
8,330008,Karthik,BALE PRESS,20,,
9,330009,Darshan,LABEL,22,,
10,330010,Suresh,COMBER,23,,
11,330011,Akila,SPINNING,21,,
12,330012,Madhurai,PACKING,20,,
13,330013,Pavithra,AUTO CONE,23,,
14,330014,Ragul,SPINNING,25,,
15,330015,Chandran,AUTO CONE,23,,
16,330016,Rajalakshmi,AUTO CONE,25,,
17,330017,Shankar,SPINNING,25,,
18,330018,Anitha,BALE PRESS,22,,
19,330019,Harini,LABEL,25,,
20,330020,Vijaya,COMBER,23,,
21,330021,Prabakaran,SPINNING,21,,
22,330022,Jyothi,PACKING,18,,
23,330023,Magalakshmi,AUTO CONE,23,,
24,330024,Ram,SPINNING,20,,
25,330025,Jaya,AUTO CONE,23,,
26,330026,Nandhini,AUTO CONE,21,,
27,330027,Chitra,SPINNING,22,,
28,330028,Subramaniam,BALE PRESS,25,,
29,330029,Poova,LABEL,20,,
30,330030,Kavitha,COMBER,25,,
31,330031,Ilanchelvi,SPINNING,24,,
32,330032,Ajay,PACKING,20,,
33,330033,Arul,AUTO CONE,24,,
34,330034,Somasundar,SPINNING,21,,
35,330035,Vaani,AUTO CONE,22,,
36,330036,Kamala,AUTO CONE,16,,
37,330037,Raja,SPINNING,24,,
38,330038,Jayanthi,BALE PRESS,20,,
39,330039,Kumar,LABEL,20,,
40,430040,Anushya,KNITING OPERATOR,20,,
41,430041,Sivakumar,KNITING OPERATOR,20,,
42,430042,Neela,KNITING OPERATOR,20,,
43,430043,Valli,KNITING OPERATOR,24,,
44,430044,Gokul,KNITING OPERATOR,25,,
45,430045,Azagu,KNITING OPERATOR,24,,
46,430046,Mohan,KNITING OPERATOR,22,,
47,430047,Sangari,KNITING OPERATOR,25,,
48,430048,Meena,KNITING OPERATOR,22,,
49,430049,Sundar,KNITING OPERATOR,24,,
50,430050,Vijayalakshmi,KNITING OPERATOR,25,,
